Sample,Unit Name,Lithology,Depth_m,d13c_org,d13c_carb,,,,Delta_delta,d18o_carb,,TC%,TIC%,TOC%,H/C
Sat531,Guojiaba Fm.,black shale,154.1,-35.8,,,,,,,,5.3,5,0.2,0.4
Sat530,Guojiaba Fm.,black shale,131.5,-31.1,0.6,,,,31.7,-13.2,,,1.2,,0.3
Sat529,Guojiaba Fm.,black shale,124.5,-30.4,,,,,,,,2.9,2.3,0.6,
Sat528,Guojiaba Fm.,black shale,118.5,-30.1,,,,,,,,2.9,2.5,0.4,1
Sat527,Guojiaba Fm.,black shale,113.5,-31.3,0.1,,,,31.3,-12,,,2,,
Sat526,Guojiaba Fm.,black shale,109,-30.9,,,,,,,,,,,
Sat525,Guojiaba Fm.,black shale,102.4,-31.1,0.4,,,,31.5,-11.8,,2.5,1.9,0.6,
Sat524,Guojiaba Fm.,black shale,99.4,-30.5,,,,,,,,1.8,1.1,0.7,1
Sat523,Guojiaba Fm.,black shale,93.5,-31.5,,,,,,,,2.9,2.1,0.8,
Sat522,Guojiaba Fm.,black shale,90,-31.4,,,,,,,,2.2,1.6,0.6,
Sat521,Guojiaba Fm.,black shale,86.1,-31.3,-0.5,,,,30.8,-13.1,,2.5,1.6,0.9,1.1
Sat520,Guojiaba Fm.,black shale,80.8,-31.4,-0.6,,,,30.8,-13.5,,2.9,2.1,0.8,
Sat519,Guojiaba Fm.,black shale,76.5,-31.2,,,,,,,,2.7,1.6,1.1,0.5
Sat518,Guojiaba Fm.,black shale,70.7,-31.7,-1.4,,,,30.3,-12.5,,2.3,1,1.3,
Sat517,Guojiaba Fm.,black shale,67.1,-32.1,,,,,,,,3,1.4,1.6,
Sat516,Guojiaba Fm.,black shale,61.5,-33.9,-2.5,,,,31.4,-12.7,,2.1,0.3,1.7,0.8
Sat515,Guojiaba Fm.,black shale,56.3,-34.2,,,,,,,,2.7,0.8,1.9,
Sat514,Guojiaba Fm.,black shale,53.5,-33.7,,,,,,,,,,,0.8
Sat513,Guojiaba Fm.,black shale,50.9,-34.6,,,,,,,,3.3,0.2,3.2,
Sat512,Guojiaba Fm.,black shale,46.4,-34,-2.4,,,,31.6,-12.6,,4.4,0.5,3.9,
Sat511,Guojiaba Fm.,black shale,42.4,-33.8,,,,,,,,3.6,0.4,3.2,0.8
Sat510,Guojiaba Fm.,black shale,38.4,-34,-2.4,,,,31.6,-12.7,,4.7,0.7,4.1,
Sat509,Guojiaba Fm.,black shale,36.4,-34.2,,,,,,,,3.4,0.3,3.1,
Sat508,Guojiaba Fm.,black shale,34,-34.3,-2.9,,,,31.4,-11.8,,3.7,0.4,3.4,0.6
Sat507,Guojiaba Fm.,black shale,32,-34.3,-2.9,,,,31.4,-12.2,,4,0.3,3.7,
Sat506,Guojiaba Fm.,black shale,30,-34.1,,,,,,,,4.9,0,4.9,
Sat505,Guojiaba Fm.,black shale,28.7,-34.5,-1.7,,,,32.9,-10.4,,4.9,0.7,4.2,0.7
Sat504,Guojiaba Fm.,black shale,27.6,-34.8,-2.4,,,,32.4,-10.5,,3.5,0.3,3.1,
Sat503,Guojiaba Fm.,black shale,26.8,-35.1,-2.7,,,,32.4,-9.9,,2.8,0.3,2.6,0.9
Sat502,Guojiaba Fm.,black shale,25.8,-34.8,-2.5,,,,32.3,-10.2,,1.1,0.3,0.9,
Sat501,Guojiaba Fm.,black shale,25.25,-35,,,,,,,,,,,
Sat500,Guojiaba Fm.,black shale,25.05,-34,-3.5,,,,30.5,-12.6,,,,,0.5
Sat533,Dengying Fm.,limestone,24.55,-34.8,-0.9,,,,33.9,-12.7,,12.4,11.7,0.7,
Sat534,Dengying Fm.,limestone,23.55,-35.3,-1,,,,34.3,-11.3,,14.7,11.3,3.4,
Sat535,Dengying Fm.,limestone,21.95,-35.5,-1.6,,,,34,-8.2,,,,,0.4
Sat536,Dengying Fm.,dolostone,20.45,-34.1,-1.4,,,,32.7,-6.7,,12.1,12.1,0,0.4
Sat537,Dengying Fm.,dolostone,18.85,,-0.7,,,,,-8.9,,12.8,12.3,0.5,
Sat538,Dengying Fm.,dolostone,18.65,-35.6,-1,,,,34.6,-9.5,,,,,0.4
Sat539,Dengying Fm.,dolostone,17.85,,-2.3,,,,,-8.6,,13,12.5,0.5,
Sat540,Dengying Fm.,dolostone,16.05,,0.1,,,,,-6.4,,13.1,12.8,0.4,
Sat541,Dengying Fm.,dolostone,13.65,,0.6,,,,,-6.1,,9.9,9.4,0.5,
Sat542,Dengying Fm.,dolostone,10.85,,-0.4,,,,,-4.4,,13,12.7,0.3,
Sat543,Dengying Fm.,dolostone,9.35,,-0.3,,,,,-4.5,,9,8.7,0.3,
Sat544,Dengying Fm.,dolostone,7.05,,0,,,,,-4.8,,8.9,8.5,0.3,
Sat545,Dengying Fm.,dolostone,3.3,,0,,,,,-4.9,,11.3,10.9,0.4,
Sat546,Dengying Fm.,dolostone,0,,0,,,,,-4.9,,7.2,7.2,0,
Wen528,Doushantuo Fm.,P-dolostone,47.67,-29,-0.2,,,28.8,-5.2,,,2.29,2.13,0.15,0.8
Wen527,Doushantuo Fm.,P-dolostone,46.97,-29.2,2.3,,,31.5,-1.3,,,9.48,9.34,0.14,0.7
Wen526,Doushantuo Fm.,P-dolostone,46.17,,2.6,,,,-1.2,,,,,,
Wen529,Doushantuo Fm.,P-dolostone,43.67,-32.3,2.1,,,34.3,-1.6,,,7.3,6.85,0.45,0.5
Wen530,Doushantuo Fm.,P-dolostone,41.67,-30.4,0.6,,,30.9,-3,,,5.33,4.93,0.41,0.9
Wen531,Doushantuo Fm.,P-dolostone,39.97,-31.3,-3.2,,,28.1,-11.4,,,0.36,0.42,,0.5
Wen532,Doushantuo Fm.,P-dolostone,38.97,-31.4,-3.4,,,28,-10.6,,,0.46,0.42,0.04,
Wen533,Doushantuo Fm.,chert,37.47,,,,,,,,,,,,
Wen534,Doushantuo Fm.,dolostone,36.67,-28.9,3.6,,,32.5,-1.3,,,11.07,10.69,0.38,0.6
Wen525,Doushantuo Fm.,chert,22.07,-32,-0.4,,,31.6,-4.3,,,2.87,2.42,0.45,
Wen524,Doushantuo Fm.,dolostone,21.67,-25.8,-1.2,,,24.6,-3.7,,,11.54,11.27,0.27,0.7
Wen523,Doushantuo Fm.,dolostone,21.37,-26.2,-1,,,25.2,-4.4,,,,,,0.8
Wen522-1,Doushantuo Fm.,chert,20.97,-26.5,-1.4,,,25.1,-4.7,,,2.57,2.31,0.26,
Wen522,Doushantuo Fm.,chert,20.59,-25.5,-1.1,,,24.4,-4.8,,,4.82,4.48,0.34,
Wen521,Doushantuo Fm.,chert,20.29,-25.1,-1.5,,,23.6,-6.8,,,0.63,0.47,0.16,
Wen520,Doushantuo Fm.,chert,19.47,-24.5,-0.1,,,24.4,-3.9,,,3.49,3.2,0.29,
Wen519,Doushantuo Fm.,chert,17.15,-30.5,-3.5,,,27,-10.1,,,0.47,0.49,,0.6
Wen518,Doushantuo Fm.,chert,16.75,,-0.7,,,,-4.1,,,,,,
Wen516,Doushantuo Fm.,Mn-dolostone,15.95,-27.8,-2.8,,,25,-7.2,,,,,,1.1
Wen515,Doushantuo Fm.,dolostone,10.65,,-1.3,,,,-5.1,,,,,,
Wen514,Doushantuo Fm.,Mn-dolostone,9.9,-26.5,-2.1,,,24.5,-5.4,,,10.98,9.68,1.3,1.8
Wen513,Doushantuo Fm.,cap dolostone,6.2,,-2.6,,,,-7.2,,,,,,
Wen512-1,Doushantuo Fm.,mudstone,5.2,,,,,,,,,,,,
Wen512,Doushantuo Fm.,mudstone,5.1,-25.5,-4.9,,,20.6,-13.8,,,0.07,0.01,0.07,
Wen511,Doushantuo Fm.,mudstone,5,,-2.3,,,,-2.3,,,0.05,0,0.04,
Wen510,Doushantuo Fm.,cherty dolostone,4.8,-27,-2.3,,,24.7,-6,,,11.08,10.88,0.2,1.5
Wen508,Doushantuo Fm.,cap dolostone,4,,-2,,,,-5.6,,,,,,
Wen507,Doushantuo Fm.,cap dolostone,3.45,-26.3,-2.3,,,24.1,-4.6,,,11.14,10.82,0.32,1.5
Wen504-1,Nantuo Fm.,black shale,2,-34.3,,,,,,,,0.25,0.01,0.24,
Wen504,Nantuo Fm.,black shale,1,-35.6,,,,,,,,0.37,0.01,0.37,
Wen501,Nantuo Fm.,black shale,0.07,,,,,,,,,0.31,0,0.31,1.8
Sample,Unit Name,Lithology,Depth,δ13Corg,δ13C δ18carb,,Δδ,Ocarb,,TC,TIC,TOC,,,
Son580,Jiumenchong Fm.,black Shale,104.25,-30.5,,,,,,3.53,0.004,3.52,,,
Son579,Jiumenchong Fm.,black Shale,103.55,-31.3,,,,,,3.81,0.73,3.08,,,
Son578,Jiumenchong Fm.,limestone,102.9,-29.4,0.5,,29.9,-12.4,,11.46,11.29,0.17,,,
Son577,Jiumenchong Fm.,limestone,102.05,-29.9,0.1,,30,-13,,11.7,10.21,1.49,,,
Son576,Jiumenchong Fm.,limestone,101.25,-29.3,2.2,,31.5,-12.1,,10.51,11.2,0,,,
Son575,Jiumenchong Fm.,limestone,100.25,-30,0.5,,30.5,-12.1,,9.71,8.09,1.62,,,
Son574,Jiumenchong Fm.,limestone,99.05,-30,2.3,,32.3,-11.4,,11.65,11.33,0.33,,,
Son573,Jiumenchong Fm.,limestone,97.6,-30.5,0.8,,31.3,-10.5,,7.49,4.1,3.39,,,
Son572,Jiumenchong Fm.,limestone,96.4,-29.6,-1.6,,28,-11.7,,2.8,2.33,0.47,,,
Son571,Jiumenchong Fm.,limestone,95.2,-29.6,-0.2,,29.4,-11.2,,9.74,8.82,0.93,,,
Son570,Jiumenchong Fm.,muddy limestone,93.7,-28.4,-0.2,,28.2,-11.7,,9.09,8.92,0.17,,,
Son569,Jiumenchong Fm.,muddy limestone,92.7,-29.6,-0.6,,29,-11.7,,1.6,1.23,0.37,,,
Son568,Jiumenchong Fm.,muddy limestone,90.4,-29.7,0,,29.7,-11.7,,8.09,8.04,0.05,,,
Son567,Jiumenchong Fm.,limestone,88.8,-29.8,0.9,,30.7,-11.6,,7.24,5.02,2.23,,,
Son566,Jiumenchong Fm.,muddy limestone,88.2,-29.8,1.2,,31,-11.6,,6.87,5.31,1.56,,,
Son565,Jiumenchong Fm.,muddy limestone,87.2,-28.5,0.6,,29.1,-11.1,,4.88,4.64,0.24,,,
Son564,Jiumenchong Fm.,limestone,84.45,-28.7,0.8,,29.5,-11.3,,10.44,10.29,0.14,,,
Son563,Jiumenchong Fm.,black Shale,78.95,-32.6,,,,,,2.28,0.003,2.28,,,
Son562,Jiumenchong Fm.,black Shale,76.35,-32.7,,,,,,1.83,0.002,1.83,,,
Son561,Jiumenchong Fm.,black Shale,74.35,-32.5,,,,,,4.2,0.007,,,,
Son560,Jiumenchong Fm.,black Shale,72.05,-32.5,,,,,,4.51,0.006,4.5,,,
Son559,Jiumenchong Fm.,black Shale,69.05,-32.4,,,,,,6,0.008,,,,
Son558,Jiumenchong Fm.,black Shale,65.55,-32.3,,,,,,8.53,0.002,8.53,,,
Son557,Jiumenchong Fm.,black Shale,61.55,-32.5,,,,,,10.11,0.006,10.11,,,
Son556,Jiumenchong Fm.,black Shale,57.55,-32.6,,,,,,13.78,0.004,13.78,,,
Son555,Jiumenchong Fm.,black Shale,56.55,-32.7,,,,,,10.28,0.003,10.28,,,
Son554,Jiumenchong Fm.,black Shale,55.45,-32.5,,,,,,13.53,0.002,13.53,,,
Son553,Jiumenchong Fm.,black Shale,52.45,-32.5,,,,,,,,N10,,,
Son552,Jiumenchong Fm.,black Shale,51.35,-32.4,,,,,,,,N10,,,
Son551,Jiumenchong Fm.,black Shale,50.15,-32.4,,,,,,,,N10,,,
Son550,Jiumenchong Fm.,black Shale,48.05,-32.4,,,,,,,,N10,,,
Son549,Jiumenchong Fm.,black Shale,46.05,-32.6,,,,,,,,N10,,,
Son548,Jiumenchong Fm.,black Shale,44.85,-32.7,,,,,,,,N10,,,
Son547,Jiumenchong Fm.,black Shale,43.25,-33.3,,,,,,,,N10,,,
Son546,Jiumenchong Fm.,black Shale,41.55,-33.3,,,,,,,,N10,,,
Son545,Jiumenchong Fm.,black Shale,40.1,-33.3,,,,,,,,N10,,,
Son544,Jiumenchong Fm.,black Shale,39.1,-33.4,,,,,,,,N10,,,
Son543-1,Jiumenchong Fm.,phosphorite nodule,38.7,-33.6,,,,,,,,,,,
Son543-2,Jiumenchong Fm.,chert,38.6,-33.7,,,,,,,,,,,
Son543,Jiumenchong Fm.,phosphorite nodule,38.5,-33.5,,,,,,6.97,0.15,6.83,,,
Son522,Liuchapo Fm.,chert,38.3,-34.9,,,,,,,,,,,
Son523,Liuchapo Fm.,chert,37.3,-34.7,,,,,,1.19,0.05,1.14,,,
Son524,Liuchapo Fm.,chert,36.3,-34.7,,,,,,,,,,,
Son525,Liuchapo Fm.,chert,35.3,-34.3,,,,,,,,,,,
Son526,Liuchapo Fm.,chert,34.3,-34.1,,,,,,,,2.24,,,
Son527,Liuchapo Fm.,chert,33.3,-34.3,,,,,,,,2.91,,,
Son528,Liuchapo Fm.,chert,31.7,-34.3,,,,,,,,0.86,,,
Son529,Liuchapo Fm.,chert,29.9,-35.2,,,,,,,,0.81,,,
Son530,Liuchapo Fm.,chert,28.2,-34.5,,,,,,,,13.21,,,
Son531,Liuchapo Fm.,cherty mudstone,27.6,-34.4,,,,,,,,11.64,,,
Son532,Liuchapo Fm.,cherty mudstone,26,-34.3,,,,,,,,3.83,,,
Son509,Doushantuo Fm.,carbonate,25,-34.8,-8.2,,26.6,-11.9,,11.63,11.44,0.19,,,
Son510,Doushantuo Fm.,chert,23.6,-31.7,,,,,,5.48,0.002,5.48,,,
Son511,Doushantuo Fm.,cherty shale,22.5,-29.5,,,,,,10.44,0.002,10.43,,,
Son512,Doushantuo Fm.,black shale,21.5,,,,,,,13.09,0.039,13.06,,,
Son513,Doushantuo Fm.,black shale,20.5,-34.6,,,,,,11.48,8.77,2.71,,,
Sample,Unit Name,Lithology,Depth,δ13Corg,δ13C carb,,,Δδ,δ 18,Ocarb,,TC,TIC,TOC,
,,,[m],"[‰, VPDB]","[‰, VPDB]",,,"[‰, VPDB]","[‰, VPDB]",,,[%],[%],[%],
Son514,Doushantuo Fm.,black shale,19.5,-34.8,,,,,,,,4.55,0.01,4.54,
Son515,Doushantuo Fm.,carbonate,14.5,-34.9,,,,,,,,12.05,10.84,1.21,
Son516,Doushantuo Fm.,carbonate,13.3,,-9.3,,,,-12.5,,,11.05,10.98,0.07,
Son517,Doushantuo Fm.,carbonate,12.3,-35.7,-7.4,,,28.3,-7.5,,,10.45,9.16,1.29,
Son518,Doushantuo Fm.,carbonate,11.4,,-9.2,,,,-12.6,,,10.87,10.83,0.03,
Son519,Doushantuo Fm.,carbonate,9.6,,-9.1,,,,-12.6,,,11.02,10.98,0.04,
Son520,Doushantuo Fm.,cap carbonate,8.3,,-7.9,,,,-10.6,,,10.56,10.57,0,
Son521,Doushantuo Fm.,cap carbonate,7,,-9,,,,-13.1,,,10.7,,,
,Nantuo Fm.,diamictite,0,,,,,,,,,,,,
Sample,Unit Name,Lithology,Depth,δ13C δ18org,δ13C carb,,Δδ,Ocarb,,TC,TIC,TOC,,,
,,,[m],"[‰, VPDB]","[‰, VPDB]",,"[‰, VPDB]","[‰, VPDB]",,[%],[%],[%],,,
Ljt593,Xiaoyanxi Fm.,black shale,236.1,-32.6,,,,,,10.09,0.0004,10.09,,,
Ljt592,Xiaoyanxi Fm.,black shale,228.3,-33.4,,,,,,3.87,0.0001,3.87,,,
Ljt591,Xiaoyanxi Fm.,black shale,224.2,-33.5,,,,,,6.93,0.0013,6.93,,,
Ljt590,Xiaoyanxi Fm.,black shale,217.1,-33.6,,,,,,4.17,0.0004,4.17,,,
Ljt589,Xiaoyanxi Fm.,black shale,212.1,-33.4,,,,,,6.09,0.0002,6.09,,,
Ljt588,Xiaoyanxi Fm.,black shale,209.4,-33.3,,,,,,7,0.0018,6.99,,,
Ljt587,Xiaoyanxi Fm.,black shale,205.7,-33.3,,,,,,7.13,0.0048,7.12,,,
Ljt586,Xiaoyanxi Fm.,black shale,203,-33.1,,,,,,14.32,0.0018,14.32,,,
Ljt585,Xiaoyanxi Fm.,black shale,199.7,-33.2,,,,,,15.4,0.0007,15.4,,,
Ljt584,Xiaoyanxi Fm.,black shale,196.6,-33.4,,,,,,13.13,0.0012,13.13,,,
Ljt583,Xiaoyanxi Fm.,black shale,193.4,-33.4,,,,,,11.37,0.0005,11.37,,,
Ljt582,Xiaoyanxi Fm.,black shale,190.1,-33.2,,,,,,11.48,0.0013,11.48,,,
Ljt581,Xiaoyanxi Fm.,black shale,187,-33.9,,,,,,7.47,0.0006,7.47,,,
Ljt580,Xiaoyanxi Fm.,black shale,183.5,-34,,,,,,7.26,0.0002,7.25,,,
Ljt579,Xiaoyanxi Fm.,black shale,180.2,-34.1,,,,,,9.01,0.0015,9.01,,,
Ljt578,Xiaoyanxi Fm.,black shale,177.1,-34.2,,,,,,8.51,0.0012,8.51,,,
Ljt577,Xiaoyanxi Fm.,Stone coal,176.3,-33.6,,,,,,11.1,0.003,11.1,,,
Ljt576,Xiaoyanxi Fm.,cherty shale,175.8,-33.6,,,,,,2.06,0.0028,2.06,,,
Ljt575,Xiaoyanxi Fm.,cherty shale,175.05,-34,,,,,,7.39,0.0022,7.39,,,
Ljt574,Xiaoyanxi Fm.,black shale,173.55,,,,,,,17.65,0.0014,17.65,,,
Ljt573,Xiaoyanxi Fm.,black shale,172.25,-32.7,,,,,,3.57,0.0021,3.57,,,
Ljt572,Xiaoyanxi Fm.,black shale,170.05,-31.8,,,,,,1.88,0.0021,1.88,,,
Ljt571,Xiaoyanxi Fm.,black shale,167.85,-28.9,,,,,,0.72,0.0014,0.72,,,
Ljt570,Xiaoyanxi Fm.,black shale,166.55,-30.3,,,,,,1.47,0.0011,1.47,,,
Ljt569,Xiaoyanxi Fm.,black shale,164.45,-29.4,,,,,,1.01,0.0007,1.01,,,
Ljt568,Xiaoyanxi Fm.,black shale,163.15,-29.6,,,,,,1.4,0.001,1.4,,,
Ljt567,Xiaoyanxi Fm.,black shale,161.45,-30.3,,,,,,,,,,,
Ljt566,Xiaoyanxi Fm.,black shale,158.75,-28.9,,,,,,,,,,,
Ljt565,Xiaoyanxi Fm.,black shale,156.95,-29.7,,,,,,,,,,,
Ljt564,Xiaoyanxi Fm.,black shale,154.45,-29.9,,,,,,1.42,0.0039,1.42,,,
Ljt563,Xiaoyanxi Fm.,black shale,152.95,-31.1,,,,,,1.54,0.0004,1.54,,,
Ljt562,Xiaoyanxi Fm.,black shale,147.95,-34.9,,,,,,2.97,0.0002,2.97,,,
Ljt559,Xiaoyanxi Fm.,black shale,147.05,-31.1,,,,,,5.55,0.0005,5.55,,,
Ljt558,Xiaoyanxi Fm.,black shale,145.85,-32,,,,,,14.03,0.0008,14.03,,,
Ljt557,Xiaoyanxi Fm.,black shale,144.65,-32.2,,,,,,14.79,0.0003,14.79,,,
Ljt556,Xiaoyanxi Fm.,black shale,143.65,-32.7,,,,,,17.04,0.003,17.03,,,
Ljt555,Xiaoyanxi Fm.,black shale,142.35,-31.7,,,,,,2.97,0.0021,2.96,,,
Ljt554,Xiaoyanxi Fm.,black shale,141.15,-31.5,,,,,,1.1,0.0901,1.01,,,
Ljt553,Xiaoyanxi Fm.,black shale,140.35,-33.4,,,,,,18.69,0.0002,18.69,,,
Ljt552,Xiaoyanxi Fm.,cherty shale,139.85,-33.2,,,,,,19.16,0.003,19.15,,,
Ljt551,Xiaoyanxi Fm.,chert,138.75,-33.3,,,,,,1.92,0.0075,1.91,,,
Ljt550,Xiaoyanxi Fm.,phosphorite nodule,138.15,-33.3,,,,,,3.42,0.0012,3.42,,,
Ljt549,Liuchapo Fm.,chert,130.15,-34,,,,,,1.55,0.0009,1.55,,,
Ljt548,Liuchapo Fm.,chert,128.65,-34,,,,,,1.99,0.0077,1.99,,,
Ljt547,Liuchapo Fm.,chert,127.25,,,,,,,1.17,0.0003,1.17,,,
Ljt546,Liuchapo Fm.,chert,125.55,,,,,,,2.22,0.0021,2.22,,,
Ljt545,Liuchapo Fm.,carbonacious chert,123.95,-33.5,,,,,,0.51,0.103,0.41,,,
Ljt544,Liuchapo Fm.,chert,122.95,-34.3,,,,,,1.36,0.0026,1.36,,,
Ljt543,Liuchapo Fm.,chert,121.35,-34.7,,,,,,1.22,0.0072,1.21,,,
Ljt542,Liuchapo Fm.,chert,120.45,-33.5,,,,,,1.35,0.0008,1.35,,,
Ljt541,Liuchapo Fm.,black shale,119.25,,,,,,,4.97,0.0004,4.97,,,
Ljt541,Liuchapo Fm.,chert,118.05,-33.5,,,,,,1.55,0.0002,1.55,,,
Ljt540,Liuchapo Fm.,black shale,116.9,-33.1,,,,,,4.18,0.0006,4.18,,,
Ljt539,Liuchapo Fm.,chert,116,-33.1,,,,,,2.48,0.0038,2.47,,,
Ljt538,Liuchapo Fm.,black shale,115.2,-33.3,,,,,,9,0,9,,,
Ljt537,Liuchapo Fm.,chert,115.15,-33.2,,,,,,2.05,0.0009,2.05,,,
Sample,Unit Name,Lithology,Depth,δ13C δ13org,Ccarb,,Δδ,δ18Ocarb,,TC,TIC,TOC,,,
,,,[m],"[‰, VPDB]","[‰, VPDB]",,"[‰, VPDB]","[‰, VPDB]",,[%],[%],[%],,,
Ljt536,Liuchapo Fm.,carbonacious chert,114.7,-33.2,,,,,,6.34,0.0001,6.34,,,
Ljt535,Liuchapo Fm.,carbonacious chert,114.1,-33.3,,,,,,5.51,0.0003,5.51,,,
Ljt534,Liuchapo Fm.,black shale,113.45,-33.6,,,,,,13.63,0.0017,13.63,,,
Ljt533,Liuchapo Fm.,chert,113.4,,,,,,,6.42,0.0018,6.42,,,
Ljt532,Liuchapo Fm.,black shale,112.9,-33.2,,,,,,5.11,0.001,5.11,,,
Ljt531,Liuchapo Fm.,chert,112.8,-33.4,,,,,,3.52,0.0004,3.51,,,
Ljt530,Liuchapo Fm.,chert,112.15,-33.3,,,,,,3.78,0.002,3.78,,,
Ljt529,Liuchapo Fm.,black shale,112.1,-33.3,,,,,,6.5,0.0003,6.5,,,
Ljt528,Liuchapo Fm.,black shale,111.8,-33.2,,,,,,5.73,0.0009,5.73,,,
Ljt527,Liuchapo Fm.,muddy chert,111.55,-33.1,,,,,,1.95,0.0027,1.95,,,
Ljt526,Liuchapo Fm.,black shale,111.5,-33,,,,,,2.18,0.0022,2.18,,,
Ljt525,Liuchapo Fm.,muddy chert,111.1,-34,,,,,,1.65,0.004,1.65,,,
Ljt524,Liuchapo Fm.,muddy chert,110.7,-33.7,,,,,,0.54,0.0013,0.54,,,
Ljt523,Liuchapo Fm.,cherty shale,109.9,-35.1,,,,,,0.6,0.0008,0.6,,,
Ljt522,Liuchapo Fm.,chert,109,-35.5,,,,,,0.91,0.0002,0.91,,,
Ljt521,Liuchapo Fm.,cherty lapillus,108.1,-34.4,,,,,,0.28,0.0025,0.28,,,
Ljt520,Liuchapo Fm.,chert,107.1,-34.1,,,,,,0.55,0.0013,0.54,,,
Ljt519,Liuchapo Fm.,chert,106.4,-34.4,,,,,,0.76,0.0004,0.76,,,
Ljt518,Liuchapo Fm.,chert,104.2,-34.7,,,,,,1.06,0.0038,1.06,,,
Ljt517,Liuchapo Fm.,chert,102.4,-33.8,,,,,,1.05,0.001,1.05,,,
Ljt516,Liuchapo Fm.,chert,100.4,-33.5,,,,,,0.36,0.003,0.36,,,
Ljt515,Liuchapo Fm.,chert,99.1,-33.8,,,,,,0.65,0.0002,0.65,,,
Ljt514,Liuchapo Fm.,chert,96.6,-34.3,,,,,,1.41,0.0023,1.41,,,
Ljt513,Liuchapo Fm.,chert,94.1,-34.4,,,,,,0.62,0.001,0.62,,,
Ljt512,Liuchapo Fm.,chert,89.9,-34.3,,,,,,0.49,0.0028,0.49,,,
Ljt511,Liuchapo Fm.,chert,89,-34.3,,,,,,0.26,0.003,0.25,,,
Ljt510,Liuchapo Fm.,chert,88.1,-35.4,,,,,,1.14,0.0004,1.14,,,
Ljt509,Liuchapo Fm.,chert,86.6,-34.9,,,,,,0.81,0.0015,0.81,,,
Ljt508,Liuchapo Fm.,chert,85,-35,,,,,,0.94,0.0051,0.93,,,
Ljt507,Liuchapo Fm.,chert,84,-35,,,,,,1,0.0045,0.99,,,
Ljt506,Liuchapo Fm.,chert,82.8,-35.1,,,,,,1.09,0.0005,1.09,,,
Ljt505,Liuchapo Fm.,chert,81.65,-34.8,,,,,,0.72,0.003,0.72,,,
Ljt504,Liuchapo Fm.,chert,80.55,-34.9,,,,,,0.96,0.0005,0.95,,,
Ljt503,Liuchapo Fm.,chert,79.6,,,,,,,1.09,0.011,1.08,,,
Ljt502,Liuchapo Fm.,chert,78.7,-34.8,,,,,,0.93,0.0005,0.93,,,
Ljt501,Liuchapo Fm.,chert,77.7,-35,,,,,,0.91,0.0022,0.91,,,
Ljt500,Liuchapo Fm.,chert,76.7,-35,,,,,,1.02,0.0111,1.01,,,
Ljt561,Liuchapo Fm.,chert,73.2,-35,,,,,,1.06,0.0013,1.06,,,
Ljt560,Liuchapo Fm.,chert,72,-34.7,,,,,,1.1,0.0045,1.09,,,
Yaw543,Doushantuo,black shale,71,-35.4,,,,,,11,0.0095,10.99,,,
Yaw542,Doushantuo,cherty shale,70.5,-34.6,,,,,,1.15,0.0017,1.15,,,
Yaw541,Doushantuo,black shale,69.8,-34.8,,,,,,1.16,0.0054,1.15,,,
Yaw540,Doushantuo,carbonaceous chert,65.5,-34.6,,,,,,1.16,0.002,1.16,,,
Yaw539,Doushantuo,chert,64.3,-34.1,,,,,,1.23,0.0003,1.23,,,
Yaw538,Doushantuo,black shale,64,-33.5,,,,,,3.29,0.0109,3.28,,,
Yaw537,Doushantuo,black shale,63,-33.8,,,,,,17.94,0.0104,17.93,,,
Yaw536,Doushantuo,black shale,61.2,-29.9,,,,,,0.18,0.0019,0.18,,,
Yaw535,Doushantuo,cherty dolostone,56.7,-25.7,-6.3,,19.4,-11.3,,0.34,0.2315,0.1,,,
Yaw534,Doushantuo,chert,53.7,-30.8,,,,,,0.2,0.083,0.12,,,
Yaw533,Doushantuo,muddy dolostone,52.1,,-8,,,-2.7,,12.71,12.242,0.47,,,
Yaw532,Doushantuo,muddy dolostone,50.3,-29,-6.3,,22.6,-3.1,,11.93,11.355,0.58,,,
Yaw531,Doushantuo,muddy dolostone,47.7,-31,-6.1,,24.9,-3.9,,11.89,11.097,0.79,,,
Yaw530,Doushantuo,muddy dolostone,45.2,-27.8,-7.3,,20.5,-4.2,,11.49,10.747,0.74,,,
Yaw529,Doushantuo,muddy dolostone,43,-27.9,-7,,20.9,-3.5,,12.16,11.646,0.51,,,
Yaw528,Doushantuo,dolostone,40.4,-34.2,-7.2,,27,-5.6,,9.8,8.793,1,,,
Yaw527,Doushantuo,muddy dolostone,38.2,,-7,,,-3.7,,12.15,10.505,1.64,,,
Yaw526,Doushantuo,muddy dolostone,35.6,-33.8,-8,,25.8,-4,,12,10.13,1.87,,,
Yaw525,Doushantuo,muddy dolostone,33.6,-33.6,-8.4,,25.2,-4.5,,11,8.96,2.04,,,
Sample,Unit Name,Lithology,Depth,δ13C org,,δ 13,Ccarb,,Δδ,δ 18,Ocarb,,TC,TIC,TOC
,,,[m],"[‰, VPDB]",,"[‰, VPDB]",,,"[‰, VPDB]","[‰, VPDB]",,,[%],[%],[%]
Yaw524,Doushantuo,muddy dolostone,32.3,-33.9,,-8.7,,,25.2,-5.2,,,11.28,9.041,2.23
Yaw523,Doushantuo,muddy dolostone,29.5,,,-8.6,,,,-6.7,,,7.84,6.112,0.83
Yaw522,Doushantuo,dolostone,27,-31.5,,-6.9,,,24.6,-9.4,,,12.78,11.952,0.83
Yaw521,Doushantuo,organic-rich dolostone,24.9,-30.8,,-7.4,,,23.4,-7.6,,,11.29,10.117,1.17
Yaw520,Doushantuo,organic-rich dolostone,23.5,-31,,-8.7,,,22.3,-7,,,10.01,8.34,1.67
Yaw519,Doushantuo,dolostone,22.5,-29.7,,-8.9,,,20.8,-6.6,,,11.68,11.496,0.18
Yaw518,Doushantuo,dolostone,20.8,-29.2,,-4.3,,,24.9,-5.8,,,10.62,10.5,0.12
Yaw517,Doushantuo,organic-rich dolostone,18.9,-31.3,,-3,,,28.3,-7,,,9.72,4.654,5.07
Yaw516,Doushantuo,dolostone shale,16.7,-31.5,,-3,,,28.5,-7.5,,,12.38,8.124,4.25
Yaw515,Doushantuo,dolostone shale,15,-31.4,,-1.6,,,29.8,-6.9,,,11.24,5.93,5.31
Yaw514,Doushantuo,black shale,13.2,-31.4,,,,,,,,,7.32,0.008,7.31
Yaw513,Doushantuo,black shale,11.2,-31.1,,,,,,,,,3.75,0.0024,3.75
Yaw512,Doushantuo,lappilus,11,,,,,,,,,,,,
Yaw511,Doushantuo,black shale,10.3,-31.3,,,2.3,,33.6,-7.4,,,3.17,0.0046,3.17
Yaw510,Doushantuo,black shale,9.4,-31.4,,,,,,,,,3.68,0.0005,3.68
Yaw509,Doushantuo,mudstone,7.7,,,,,,,,,,0.07,0.0094,0.06
Yaw508,Doushantuo,black shale,7.65,-30.4,,,,,,,,,1.11,0.0002,1.11
Yaw507,Doushantuo,chert,7.05,-31.1,,-7.6,,,23.4,-12.1,,,0.7,0.3059,0.4
Yaw506,Doushantuo,pyrite layer,7,,,,,,,,,,0.09,0.0182,0.07
Yaw505,Dou-cap,cap dolostone,6.4,-21.5,,,1.1,,22.6,-4,,,11.68,11.307,0.37
Yaw504,Dou-cap,cap dolostone,5.2,-23.1,,-1.5,,,21.6,-4.5,,,10.98,10.538,0.44
Yaw503,Dou-cap,cap dolostone,3.9,-27.4,,-3.6,,,23.8,-9.2,,,12.01,11.403,0.6
Yaw502,Dou-cap,pyrite nodule,2.6,,,,,,,,,,,,
Yaw501,Dou-cap,cap dolostone,1.7,-28.4,,-30.6,,,24.7,-8.7,,,10.68,10.363,0.32
Yaw500,Dou-cap,cap dolostone,0,-27.2,,-4.1,,,23,-10,,,0.91,0.7967,0.11
,Nantuo Fm.,,,,,,,,,,,,,,
Sample,Lithology,Soluble residue,Fe,Ca,Mg,Mn,Sr,Mg/Ca,Mn/Sr,δ13C carb,,δ 18,Ocarb,,
,,[%],[%],[%],[%],[%],[%],,,"[‰, VPDB]",,"[‰, VPDB]",,,
Yaw500,cap dolostone,6.5,7.56,31.7,13.59,0.83,0.0653,0.43,12.75,-4.1,,-10,,,
Yaw501,cap dolostone,84,0.83,22.22,5.48,0.33,0.0151,0.25,22.17,-3.6,,-8.7,,,
Yaw503,cap dolostone,93,0.48,22.19,5.14,0.24,0.01,0.23,23.52,-3.6,,-9.2,,,
Yaw505,cap dolostone,93,0.56,21.75,5,0.24,0.03,0.23,8.12,1.1,,-4,,,
Yaw515,dolomitic shale,47.5,4.49,30.36,7.58,0.12,0.0445,0.25,2.7,-1.6,,-6.9,,,
Yaw517,organic dolostone,37.2,6.37,35.8,8.31,0.14,0.0613,0.23,2.26,-3,,-7.5,,,
Yaw520,organic dolostone,67.1,2.09,28.58,6.03,0.07,0.0151,0.21,4.93,-8.7,,-7,,,
Yaw523,muddy dolostone,48.5,0.82,26.41,8.59,0.1,0.0244,0.33,4.22,-8.6,,-6.7,,,
Yaw526,muddy dolostone,82.8,0.48,24.96,5.74,0.04,0.0061,0.23,6.93,-8,,-4,,,
Yaw529,muddy dolostone,95.7,0.33,21.65,5.16,0.05,0.0044,0.24,11.64,-7,,-3.5,,,
Sat500,phosphorite limestone,93,0.23,33.16,0.06,0.11,0.0309,0,3.53,-3.5,,-12.6,,,
Sat535,limestone,73,0.37,16.66,7.19,0.09,0.0104,0.43,8.73,-1.6,,-8.2,,,
Sat536,dolostone,97,0.12,24.15,10.31,0.14,0.0131,0.43,10.47,-1.4,,-6.7,,,
Sat537,dolostone,97.5,0.17,22.09,11.56,0.09,0.0104,0.52,8.47,-0.7,,-8.9,,,
Sat538,dolostone,96,0.23,21.5,11.73,0.07,0.0106,0.55,6.31,-1,,-9.5,,,
Wen507,cap dolostone,88,0.95,21.83,12.55,0.24,0.0077,0.58,31.18,-2.3,,-4.6,,,
Wen510,cherty dolostone,89,0.6,20.97,12.1,0.13,0.0076,0.58,17.32,-2.3,,-6,,,
Wen513,cap dolostone,82,1.07,25.75,14.15,0.34,0.0062,0.55,55.43,-2.6,,-7.2,,,
Wen522,chert,36,1.65,23.48,12.44,0.2,0.0094,0.53,21.25,-1.1,,-4.8,,,
Wen525,chert,18,1.2,28.31,14.2,0.34,0.0141,0.5,24.02,-0.4,,-4.3,,,
Wen534,dolostone,87,0.5,27.02,12.77,0.1,0.0146,0.47,6.78,3.6,,-1.3,,,
Son516,carbonate,89.7,0.23,38.57,0.21,0.05,0.0245,0.01,1.95,-9.3,,-12.5,,,
Son517,carbonate,75.6,1.17,22.88,10.27,0.11,0.019,0.45,5.98,-7.4,,-7.5,,,
Son518,carbonate,89.1,0.17,38.55,0.19,0.04,0.0199,0.01,1.85,-9.2,,-12.6,,,
Son521,cap limestone,87.4,0.18,38.84,0.36,0.03,0.0223,0.01,1.49,-9,,-13.1,,,
Son564,limestone,84.6,1.08,37.65,0.43,0.04,0.4698,0.01,0.09,0.8,,-11.3,,,
Son572,limestone,18.3,3.78,25.63,1.35,0.12,0.9391,0.05,0.13,-1.6,,-11.7,,,
Son574,limestone,93.1,0.17,38.32,0.26,0.01,0.6085,0.01,0.01,2.3,,-1.4,,,
Son577,limestone,83.3,0.75,28.49,0.24,0.03,0.6903,0.01,0.04,0.1,,-13,,,
,min,6.5,0.1,16.7,0.1,0,0,0,0,-9.3,,-13.1,,,
,max,97.5,7.6,38.8,14.2,0.8,0.9,0.58,55.4,3.6,,-1.3,,,
,average,73.6,1.3,27.6,7,0.2,0.1,0.29,10.5,-3.2,,-7.7,,,